"s{R[h","s{","s撬R[h","s撬","厚ڃR[h","厚ږ","ܓx","ox","TR[h","厚EEڋ敪R[h"
"37","쌧","37201","s","372010001000","","34.384207","134.129979","1","1"
"37","쌧","37201","s","372010002000","rc","34.263375","134.083343","1","1"
"37","쌧","37201","s","372010003000","jؒ","34.422366","134.055112","1","1"
"37","쌧","37201","s","372010004000","]㐼b","34.142808","134.076335","1","1"
"37","쌧","37201","s","372010005000","]㐼","34.152268","134.076516","1","1"
"37","쌧","37201","s","372010006000","]","34.181456","134.074042","1","1"
"37","쌧","37201","s","372010007000","]㓌","34.172462","134.093414","1","1"
"37","쌧","37201","s","372010008000","]","34.186462","134.042341","1","1"
"37","쌧","37201","s","372010009000","]ꍆ","34.192710","134.051954","1","1"
"37","쌧","37201","s","372010010000","]","34.188139","134.042211","1","1"
"37","쌧","37201","s","372010011000","","34.193766","134.098175","1","1"
"37","쌧","37201","s","372010012000","Ac","34.238663","134.075905","1","1"
"37","쌧","37201","s","372010013000","Ac","34.238639","134.097958","1","1"
"37","쌧","37201","s","372010014000","ؒ","34.390974","134.052181","1","1"
"37","쌧","37201","s","372010015000","","34.349337","134.025008","1","1"
"37","쌧","37201","s","372010016000","V","34.359474","134.067106","1","1"
"37","쌧","37201","s","372010017001","꒚","34.349960","134.062543","1","3"
"37","쌧","37201","s","372010017002","񒚖","34.348903","134.064976","1","3"
"37","쌧","37201","s","372010017003","O","34.348624","134.067303","1","3"
"37","쌧","37201","s","372010017004","l","34.353638","134.065906","1","3"
"37","쌧","37201","s","372010017005","ܒ","34.349533","134.074489","1","3"
"37","쌧","37201","s","372010017006","Z","34.358539","134.076454","1","3"
"37","쌧","37201","s","372010018000","ѓc","34.320439","134.001747","1","1"
"37","쌧","37201","s","372010019000","","34.360591","133.964765","1","1"
"37","쌧","37201","s","372010020000","","34.344934","134.056596","1","1"
"37","쌧","37201","s","372010021000","{","34.286109","134.022544","1","1"
"37","쌧","37201","s","372010022000","","34.323624","134.055505","1","1"
"37","쌧","37201","s","372010023001","꒚","34.325608","134.056838","1","3"
"37","쌧","37201","s","372010023002","񒚖","34.325100","134.062463","1","3"
"37","쌧","37201","s","372010024000","V","34.344138","134.052472","1","1"
"37","쌧","37201","s","372010025000","A","34.352401","133.980934","1","1"
"37","쌧","37201","s","372010026000","","34.346556","134.052062","1","1"
"37","쌧","37201","s","372010027000","~","34.285988","134.009622","1","1"
"37","쌧","37201","s","372010028001","꒚","34.346773","134.037774","1","3"
"37","쌧","37201","s","372010028002","񒚖","34.344927","134.034966","1","3"
"37","쌧","37201","s","372010028003","O","34.345752","134.030565","1","3"
"37","쌧","37201","s","372010029000","c㒬","34.299522","134.044808","1","1"
"37","쌧","37201","s","372010030000","c","34.306051","134.045724","1","1"
"37","쌧","37201","s","372010031000","{","34.263540","133.997618","1","1"
"37","쌧","37201","s","372010032000","","34.290293","134.099517","1","1"
"37","쌧","37201","s","372010033000","쒬","34.258905","134.040279","1","1"
"37","쌧","37201","s","372010034000","쒬","34.267986","134.023525","1","1"
"37","쌧","37201","s","372010035000","쒬","34.233634","134.046796","1","1"
"37","쌧","37201","s","372010036000","쒬쓌","34.232888","134.034623","1","1"
"37","쌧","37201","s","372010037000","쒬쓌","34.247088","134.027847","1","1"
"37","쌧","37201","s","372010038000","쒬","34.272219","134.029593","1","1"
"37","쌧","37201","s","372010039000","쒬J","34.210676","134.054325","1","1"
"37","쌧","37201","s","372010040000","쒬ꍆ","34.209943","134.042449","1","1"
"37","쌧","37201","s","372010041000","쒬O","34.205336","134.022505","1","1"
"37","쌧","37201","s","372010042000","b艮","34.342575","134.048703","1","1"
"37","쌧","37201","s","372010043000","t","34.326832","134.092105","1","1"
"37","쌧","37201","s","372010044000","Ќ","34.345679","134.051727","1","1"
"37","쌧","37201","s","372010045000","p","34.299765","134.032284","1","1"
"37","쌧","37201","s","372010046000","V_","34.312997","134.039325","1","1"
"37","쌧","37201","s","372010047001","V꒚","34.321191","134.045455","1","3"
"37","쌧","37201","s","372010047002","V񒚖","34.320730","134.046875","1","3"
"37","쌧","37201","s","372010047003","VO","34.321784","134.050238","1","3"
"37","쌧","37201","s","372010048000","ђ","34.290503","134.067818","1","1"
"37","쌧","37201","s","372010049000","㕟","34.333258","134.065760","1","1"
"37","쌧","37201","s","372010050000","","34.317103","134.034443","1","1"
"37","쌧","37201","s","372010051000","T䒬","34.339800","134.047870","1","1"
"37","쌧","37201","s","372010052000","T","34.338098","134.041019","1","1"
"37","쌧","37201","s","372010053000","Tc","34.285023","134.113171","1","1"
"37","쌧","37201","s","372010054000","Tc쒬","34.278093","134.113153","1","1"
"37","쌧","37201","s","372010055000","쓇","34.275757","134.089043","1","1"
"37","쌧","37201","s","372010056000","쓇{","34.275593","134.085154","1","1"
"37","쌧","37201","s","372010057000","암","34.267779","134.009240","1","1"
"37","쌧","37201","s","372010058001","꒚","34.340979","134.051559","1","3"
"37","쌧","37201","s","372010058002","񒚖","34.340112","134.051060","1","3"
"37","쌧","37201","s","372010059000","ό","34.334312","134.063307","1","1"
"37","쌧","37201","s","372010060001","όʈ꒚","34.337123","134.050438","1","3"
"37","쌧","37201","s","372010060002","όʓ񒚖","34.336299","134.056160","1","3"
"37","쌧","37201","s","372010061000","ؑ","34.327679","134.076777","1","1"
"37","쌧","37201","s","372010062000","kl","34.350392","134.055055","1","1"
"37","쌧","37201","s","372010063000","SS","34.316754","133.990000","1","1"
"37","쌧","37201","s","372010064000","S|","34.340211","133.992729","1","1"
"37","쌧","37201","s","372010065000","S","34.326501","133.992396","1","1"
"37","쌧","37201","s","372010066000","S","34.333666","133.992637","1","1"
"37","쌧","37201","s","372010067000","S","34.327066","133.995787","1","1"
"37","쌧","37201","s","372010068000","SR","34.323332","133.988780","1","1"
"37","쌧","37201","s","372010069001","㒬꒚","34.331448","134.056188","1","3"
"37","쌧","37201","s","372010069002","㒬񒚖","34.329432","134.055787","1","3"
"37","쌧","37201","s","372010070000","k","34.351183","133.995230","1","1"
"37","쌧","37201","s","372010071000","","34.348052","133.993931","1","1"
"37","쌧","37201","s","372010072000","","34.344907","134.007654","1","1"
"37","쌧","37201","s","372010073000","{","34.349297","133.998996","1","1"
"37","쌧","37201","s","372010074000","쒬","34.342858","133.998435","1","1"
"37","쌧","37201","s","372010075000","","34.346194","134.015558","1","1"
"37","쌧","37201","s","372010076000","쒬r","34.247987","134.000473","1","1"
"37","쌧","37201","s","372010077000","쒬","34.229949","134.023324","1","1"
"37","쌧","37201","s","372010078000","쒬","34.242392","133.994933","1","1"
"37","쌧","37201","s","372010079000","쒬R","34.234237","134.006502","1","1"
"37","쌧","37201","s","372010080000","쒬","34.244913","134.009488","1","1"
"37","쌧","37201","s","372010081000","쒬g","34.255094","134.016711","1","1"
"37","쌧","37201","s","372010082000","","34.286736","133.947867","1","1"
"37","쌧","37201","s","372010083000","","34.301788","133.942447","1","1"
"37","쌧","37201","s","372010084000","V","34.289147","133.957033","1","1"
"37","쌧","37201","s","372010085000","V","34.306745","133.967080","1","1"
"37","쌧","37201","s","372010086000","","34.279500","133.968715","1","1"
"37","쌧","37201","s","372010087001","꒚","34.349922","134.048729","1","3"
"37","쌧","37201","s","372010087002","񒚖","34.347743","134.048266","1","3"
"37","쌧","37201","s","372010088000","V","34.343771","134.050963","1","1"
"37","쌧","37201","s","372010089000","","34.345146","134.045779","1","1"
"37","쌧","37201","s","372010090000","K","34.341670","134.036446","1","1"
"37","쌧","37201","s","372010091001","󒬈꒚","34.344115","134.027116","1","3"
"37","쌧","37201","s","372010091002","󒬓񒚖","34.341199","134.029469","1","3"
"37","쌧","37201","s","372010091003","󒬎O","34.343224","134.025920","1","3"
"37","쌧","37201","s","372010092001","꒚","34.330582","134.052765","1","3"
"37","쌧","37201","s","372010092002","񒚖","34.327536","134.052312","1","3"
"37","쌧","37201","s","372010093000","O","34.316620","134.044944","1","1"
"37","쌧","37201","s","372010094000","T|[g","34.352993","134.046934","1","1"
"37","쌧","37201","s","372010095000","O","34.290188","134.034942","1","1"
"37","쌧","37201","s","372010096000","_","34.340925","134.033365","1","1"
"37","쌧","37201","s","372010097000","㒬","34.335862","134.052229","1","1"
"37","쌧","37201","s","372010098001","㒬꒚","34.339007","134.053450","1","3"
"37","쌧","37201","s","372010098002","㒬񒚖","34.338269","134.055081","1","3"
"37","쌧","37201","s","372010098003","㒬O","34.338887","134.057107","1","3"
"37","쌧","37201","s","372010099000","]O","34.203518","134.035539","1","1"
"37","쌧","37201","s","372010100000","","34.343277","134.055378","1","1"
"37","쌧","37201","s","372010101000","c䒬","34.292784","134.090154","1","1"
"37","쌧","37201","s","372010102000","o쒬","34.286729","134.044634","1","1"
"37","쌧","37201","s","372010103001","铌꒚","34.346796","134.057081","1","3"
"37","쌧","37201","s","372010103002","铌񒚖","34.349916","134.058486","1","3"
"37","쌧","37201","s","372010104001","a꒚","34.342917","134.033728","1","3"
"37","쌧","37201","s","372010104002","a񒚖","34.343335","134.031008","1","3"
"37","쌧","37201","s","372010105000","Vk","34.352820","134.025590","1","1"
"37","쌧","37201","s","372010106000","_ݐE","34.362745","133.984300","1","1"
"37","쌧","37201","s","372010107000","Vc","34.327578","134.098831","1","1"
"37","쌧","37201","s","372010108000","L","34.344127","134.056893","1","1"
"37","쌧","37201","s","372010109000","˓","34.350487","134.030316","1","1"
"37","쌧","37201","s","372010110000","\쐼","34.274007","134.102308","1","1"
"37","쌧","37201","s","372010111000","\쓌","34.265287","134.105626","1","1"
"37","쌧","37201","s","372010112000","H","34.344777","134.052359","1","1"
"37","쌧","37201","s","372010113001","꒬꒚","34.337001","134.057989","1","3"
"37","쌧","37201","s","372010113002","꒬񒚖","34.336816","134.059909","1","3"
"37","쌧","37201","s","372010113003","꒬O","34.336500","134.063070","1","3"
"37","쌧","37201","s","372010114000","","34.333255","134.113285","1","1"
"37","쌧","37201","s","372010115000","㒬","34.289919","134.052344","1","1"
"37","쌧","37201","s","372010116000","쉺","34.301456","134.056982","1","1"
"37","쌧","37201","s","372010117000","c","34.338064","134.048528","1","1"
"37","쌧","37201","s","372010118000","ʑ","34.350601","134.052652","1","1"
"37","쌧","37201","s","372010119000","c","34.307508","134.030626","1","1"
"37","쌧","37201","s","372010120000","T","34.368171","133.947907","1","1"
"37","쌧","37201","s","372010121000","h","34.304613","134.001351","1","1"
"37","쌧","37201","s","372010122000","","34.336922","134.044646","1","1"
"37","쌧","37201","s","372010123000","g","34.307406","134.015824","1","1"
"37","쌧","37201","s","372010124000","zn","34.342123","134.057203","1","1"
"37","쌧","37201","s","372010125000","ߎs","34.333371","134.010032","1","1"
"37","쌧","37201","s","372010126000","߉","34.347236","134.055138","1","1"
"37","쌧","37201","s","372010127000","䒬","34.279632","134.030780","1","1"
"37","쌧","37201","s","372010128000","V_O","34.338297","134.045663","1","1"
"37","쌧","37201","s","372010129000","ʒ","34.344901","134.055521","1","1"
"37","쌧","37201","s","372010130001","֒꒚","34.338833","134.050701","1","3"
"37","쌧","37201","s","372010130002","֒񒚖","34.338229","134.049922","1","3"
"37","쌧","37201","s","372010131000","","34.345503","134.046116","1","1"
"37","쌧","37201","s","372010132000","V","34.336417","134.047560","1","1"
"37","쌧","37201","s","372010133000","Ԓ","34.292881","133.989961","1","1"
"37","쌧","37201","s","372010134000","쒬","34.334056","134.044317","1","1"
"37","쌧","37201","s","372010135000","R","34.355126","133.970002","1","1"
"37","쌧","37201","s","372010136000","","34.302060","134.014664","1","1"
"37","쌧","37201","s","372010137000","","34.347718","134.046225","1","1"
"37","쌧","37201","s","372010138000","t","34.318892","134.022601","1","1"
"37","쌧","37201","s","372010139001","ђ꒚","34.348054","134.044404","1","3"
"37","쌧","37201","s","372010139002","ђ񒚖","34.347261","134.041697","1","3"
"37","쌧","37201","s","372010140000","̊ے","34.349581","134.046675","1","1"
"37","쌧","37201","s","372010141000","n[","34.320564","134.034676","1","1"
"37","쌧","37201","s","372010142000","","34.347047","134.024665","1","1"
"37","쌧","37201","s","372010143000","R蒬","34.282527","133.995862","1","1"
"37","쌧","37201","s","372010144000","U","34.335621","134.047338","1","1"
"37","쌧","37201","s","372010145001","ԉ꒚","34.335035","134.056026","1","3"
"37","쌧","37201","s","372010145002","ԉ񒚖","34.333788","134.057002","1","3"
"37","쌧","37201","s","372010145003","ԉO","34.332739","134.056369","1","3"
"37","쌧","37201","s","372010146001","ԃm{꒚","34.326557","134.048412","1","3"
"37","쌧","37201","s","372010146002","ԃm{񒚖","34.324434","134.047849","1","3"
"37","쌧","37201","s","372010146003","ԃm{O","34.324230","134.045760","1","3"
"37","쌧","37201","s","372010147000","lm","34.350770","134.038248","1","1"
"37","쌧","37201","s","372010148000","ђ","34.301275","134.069964","1","1"
"37","쌧","37201","s","372010149001","Ԓ꒚","34.342176","134.046468","1","3"
"37","쌧","37201","s","372010149002","Ԓ񒚖","34.344054","134.042416","1","3"
"37","쌧","37201","s","372010149003","ԒO","34.342575","134.040925","1","3"
"37","쌧","37201","s","372010149004","Ԓl","34.341158","134.040371","1","3"
"37","쌧","37201","s","372010149005","Ԓܒ","34.339267","134.040736","1","3"
"37","쌧","37201","s","372010150000","c","34.335792","134.049804","1","1"
"37","쌧","37201","s","372010151000","n[","34.320853","134.040596","1","1"
"37","쌧","37201","s","372010152001","l꒚","34.345588","134.057140","1","3"
"37","쌧","37201","s","372010153000","R蒬","34.305786","134.095931","1","1"
"37","쌧","37201","s","372010154000","SԒ","34.345382","134.052163","1","1"
"37","쌧","37201","s","372010155000","ɒ","34.346271","134.047900","1","1"
"37","쌧","37201","s","372010156001","꒚","34.345319","134.060092","1","3"
"37","쌧","37201","s","372010156002","񒚖","34.346128","134.065738","1","3"
"37","쌧","37201","s","372010156003","O","34.345640","134.071040","1","3"
"37","쌧","37201","s","372010156004","l","34.341889","134.069604","1","3"
"37","쌧","37201","s","372010157000","c","34.341576","134.053798","1","1"
"37","쌧","37201","s","372010158000","˒","34.335147","134.049884","1","1"
"37","쌧","37201","s","372010159001","˒꒚","34.334241","134.047796","1","3"
"37","쌧","37201","s","372010159002","˒񒚖","34.333974","134.050154","1","3"
"37","쌧","37201","s","372010159003","˒O","34.333603","134.052746","1","3"
"37","쌧","37201","s","372010160000","Β","34.313853","134.054242","1","1"
"37","쌧","37201","s","372010161000","R","34.277846","134.047565","1","1"
"37","쌧","37201","s","372010162000","ÐV","34.345844","134.049038","1","1"
"37","쌧","37201","s","372010163000","Ôn꒬","34.342424","134.051707","1","1"
"37","쌧","37201","s","372010164000","{","34.348607","134.054651","1","1"
"37","쌧","37201","s","372010165000","Oc","34.302858","134.112475","1","1"
"37","쌧","37201","s","372010166000","Oc","34.295590","134.113098","1","1"
"37","쌧","37201","s","372010167000","","34.333646","134.068518","1","1"
"37","쌧","37201","s","372010168001","꒚","34.340986","134.060141","1","3"
"37","쌧","37201","s","372010168002","񒚖","34.338505","134.063935","1","3"
"37","쌧","37201","s","372010168003","O","34.337196","134.069281","1","3"
"37","쌧","37201","s","372010169000","","34.317223","134.027440","1","1"
"37","쌧","37201","s","372010170000","꒬","34.319499","134.062976","1","1"
"37","쌧","37201","s","372010171001","꒚","34.342907","134.060577","1","3"
"37","쌧","37201","s","372010171002","񒚖","34.342298","134.065385","1","3"
"37","쌧","37201","s","372010172000","ۋT","34.344628","134.049943","1","1"
"37","쌧","37201","s","372010173000","ۂ̓","34.347579","134.051232","1","1"
"37","쌧","37201","s","372010174000","OJ","34.277161","134.068948","1","1"
"37","쌧","37201","s","372010175000","V","34.340784","134.049229","1","1"
"37","쌧","37201","s","372010176000","R","34.330669","134.026970","1","1"
"37","쌧","37201","s","372010177000","X","34.304286","133.990723","1","1"
"37","쌧","37201","s","372010178001","{e꒚","34.339231","134.034338","1","3"
"37","쌧","37201","s","372010178002","{e񒚖","34.335317","134.035020","1","3"
"37","쌧","37201","s","372010179000","璬咬","34.337565","134.143397","1","1"
"37","쌧","37201","s","372010180000","璬","34.328564","134.157149","1","1"
"37","쌧","37201","s","372010181000","璬","34.347550","134.132387","1","1"
"37","쌧","37201","s","372010182000","","34.325647","134.041570","1","1"
"37","쌧","37201","s","372010183000","V","34.327404","134.033479","1","1"
"37","쌧","37201","s","372010184000","R","34.309856","134.085910","1","1"
"37","쌧","37201","s","372010185000","⒬","34.340025","134.053445","1","1"
"37","쌧","37201","s","372010186000","","34.342375","134.104612","1","1"
"37","쌧","37201","s","372010187000","","34.351496","134.091039","1","1"
"37","쌧","37201","s","372010188000","","34.359071","134.112986","1","1"
"37","쌧","37201","s","372010189000","Rǒ","34.286124","134.087485","1","1"
"37","쌧","37201","s","372010190001","Iђ꒚","34.328297","134.045900","1","3"
"37","쌧","37201","s","372010190002","Iђ񒚖","34.330648","134.049158","1","3"
"37","쌧","37201","s","372010190003","IђO","34.328070","134.049040","1","3"
"37","쌧","37201","s","372010191000","Z","34.298306","134.083143","1","1"
"37","쌧","37201","s","372010192000","","34.361654","134.075131","1","1"
"37","쌧","37201","s","372010193000","]YJ","34.160513","134.056107","0","0"
"37","쌧","37201","s","372010194000","哇","34.404499","134.105729","0","0"
"37","쌧","37201","s","372010195000","̉","34.390181","134.123708","0","0"
"37","쌧","37202","ۋTs","372020001000","Ԓ","34.286394","133.799899","1","1"
"37","쌧","37202","ۋTs","372020002000","{}","34.394168","133.787930","1","1"
"37","쌧","37202","ۋTs","372020003000","{","34.382165","133.778693","1","1"
"37","쌧","37202","ۋTs","372020004000","{b","34.388231","133.789293","1","1"
"37","쌧","37202","ۋTs","372020005000","{","34.376416","133.771012","1","1"
"37","쌧","37202","ۋTs","372020006000","{Y","34.386656","133.767072","1","1"
"37","쌧","37202","ۋTs","372020007000","{c","34.391148","133.755204","1","1"
"37","쌧","37202","ۋTs","372020008000","{Kl","34.386028","133.757726","1","1"
"37","쌧","37202","ۋTs","372020009000","{ml","34.380357","133.760011","1","1"
"37","쌧","37202","ۋTs","372020010000","","34.358814","133.782499","1","1"
"37","쌧","37202","ۋTs","372020011000","L","34.369076","133.727629","1","1"
"37","쌧","37202","ۋTs","372020012000","L]̉Y","34.366009","133.715706","1","1"
"37","쌧","37202","ۋTs","372020013000","L̉z","34.357500","133.707376","1","1"
"37","쌧","37202","ۋTs","372020014000","LbH","34.358062","133.694023","1","1"
"37","쌧","37202","ۋTs","372020015000","L","34.366983","133.691093","1","1"
"37","쌧","37202","ۋTs","372020016000","Ls","34.377388","133.696393","1","1"
"37","쌧","37202","ۋTs","372020017000","LΉY","34.385461","133.707332","1","1"
"37","쌧","37202","ۋTs","372020018000","L蓇","34.377774","133.650956","1","1"
"37","쌧","37202","ۋTs","372020019000","蓇","34.398965","133.670159","1","1"
"37","쌧","37202","ۋTs","372020020000","^","34.316316","133.792286","1","1"
"37","쌧","37202","ۋTs","372020021000","ܒ","34.292840","133.799283","1","1"
"37","쌧","37202","ۋTs","372020022000","","34.294179","133.800206","1","1"
"37","쌧","37202","ۋTs","372020023000","ђ","34.292013","133.798226","1","1"
"37","쌧","37202","ۋTs","372020024000","ĉ","34.291766","133.797300","1","1"
"37","쌧","37202","ۋTs","372020025000","","34.291986","133.796337","1","1"
"37","쌧","37202","ۋTs","372020026000","","34.292891","133.796985","1","1"
"37","쌧","37202","ۋTs","372020027000","@Ò","34.292953","133.796046","1","1"
"37","쌧","37202","ۋTs","372020028000","R","34.294625","133.794776","1","1"
"37","쌧","37202","ۋTs","372020029000","`","34.298652","133.795011","1","1"
"37","쌧","37202","ۋTs","372020030000","ʒ","34.290758","133.796289","1","1"
"37","쌧","37202","ۋTs","372020031000","x","34.290575","133.795102","1","1"
"37","쌧","37202","ۋTs","372020032000","l","34.291692","133.792747","1","1"
"37","쌧","37202","ۋTs","372020033000","{","34.290676","133.792758","1","1"
"37","쌧","37202","ۋTs","372020034000","","34.293917","133.791696","1","1"
"37","쌧","37202","ۋTs","372020035000","V","34.292082","133.791042","1","1"
"37","쌧","37202","ۋTs","372020036000","O","34.290000","133.794203","1","1"
"37","쌧","37202","ۋTs","372020037000","","34.289024","133.792805","1","1"
"37","쌧","37202","ۋTs","372020038000","ZԒ","34.284666","133.797093","1","1"
"37","쌧","37202","ۋTs","372020039000","Ԓ","34.284034","133.802040","1","1"
"37","쌧","37202","ۋTs","372020040000","Ԓ","34.283141","133.800123","1","1"
"37","쌧","37202","ۋTs","372020041000","Ԓ","34.282775","133.801641","1","1"
"37","쌧","37202","ۋTs","372020042000","\Ԓ","34.281847","133.800069","1","1"
"37","쌧","37202","ۋTs","372020043000","쒬","34.281091","133.800967","1","1"
"37","쌧","37202","ۋTs","372020044000","Ò","34.279196","133.784058","1","1"
"37","쌧","37202","ۋTs","372020045000","ÐX","34.281406","133.790605","1","1"
"37","쌧","37202","ۋTs","372020046000","q","34.267038","133.779116","1","1"
"37","쌧","37202","ۋTs","372020047000","Ò","34.280070","133.771444","1","1"
"37","쌧","37202","ۋTs","372020048000","Vc","34.270419","133.788156","1","1"
"37","쌧","37202","ۋTs","372020049000","c","34.266778","133.795402","1","1"
"37","쌧","37202","ۋTs","372020050000","Rk","34.278600","133.802802","1","1"
"37","쌧","37202","ۋTs","372020051000","o","34.270892","133.805138","1","1"
"37","쌧","37202","ۋTs","372020052000","쐼k","34.266005","133.823516","1","1"
"37","쌧","37202","ۋTs","372020053000","쐼","34.252295","133.830653","1","1"
"37","쌧","37202","ۋTs","372020054000","Sƒ","34.250873","133.815341","1","1"
"37","쌧","37202","ۋTs","372020055000","O","34.254357","133.803134","1","1"
"37","쌧","37202","ۋTs","372020056000","c","34.257455","133.786629","1","1"
"37","쌧","37202","ۋTs","372020057000","і쒬","34.275494","133.831024","1","1"
"37","쌧","37202","ۋTs","372020058000","і쒬","34.281573","133.835283","1","1"
"37","쌧","37202","ۋTs","372020059000","і쒬","34.280638","133.830885","1","1"
"37","쌧","37202","ۋTs","372020060000","","34.229288","133.834421","1","1"
"37","쌧","37202","ۋTs","372020061000","a","34.293993","133.768602","1","1"
"37","쌧","37202","ۋTs","372020062000","H","34.302075","133.784029","1","1"
"37","쌧","37202","ۋTs","372020063001","xm꒚","34.298814","133.801657","1","3"
"37","쌧","37202","ۋTs","372020063002","xm񒚖","34.300743","133.798255","1","3"
"37","쌧","37202","ۋTs","372020063003","xmO","34.303308","133.798044","1","3"
"37","쌧","37202","ۋTs","372020063005","xmܒ","34.308526","133.792391","1","3"
"37","쌧","37202","ۋTs","372020064001","y꒚","34.289130","133.809402","1","3"
"37","쌧","37202","ۋTs","372020064002","y񒚖","34.291351","133.803993","1","3"
"37","쌧","37202","ۋTs","372020064003","yO","34.293318","133.802727","1","3"
"37","쌧","37202","ۋTs","372020065001","铌꒚","34.286678","133.806532","1","3"
"37","쌧","37202","ۋTs","372020065002","铌񒚖","34.287522","133.803460","1","3"
"37","쌧","37202","ۋTs","372020065003","铌O","34.289055","133.805606","1","3"
"37","쌧","37202","ۋTs","372020066001","䋟꒚","34.295902","133.800848","1","3"
"37","쌧","37202","ۋTs","372020066002","䋟񒚖","34.296949","133.801241","1","3"
"37","쌧","37202","ۋTs","372020067001","kR꒚","34.295523","133.798238","1","3"
"37","쌧","37202","ۋTs","372020067002","kR񒚖","34.296611","133.797096","1","3"
"37","쌧","37202","ۋTs","372020068001","{꒚","34.289841","133.790174","1","3"
"37","쌧","37202","ۋTs","372020068002","{񒚖","34.288999","133.788876","1","3"
"37","쌧","37202","ۋTs","372020069001","K꒚","34.287283","133.790460","1","3"
"37","쌧","37202","ۋTs","372020069002","K񒚖","34.286690","133.788003","1","3"
"37","쌧","37202","ۋTs","372020070000","ccn","34.261189","133.792490","1","1"
"37","쌧","37202","ۋTs","372020071001","鐼꒚","34.281082","133.797629","1","3"
"37","쌧","37202","ۋTs","372020071002","鐼񒚖","34.285275","133.795372","1","3"
"37","쌧","37202","ۋTs","372020072001","{꒚","34.278965","133.796876","1","3"
"37","쌧","37202","ۋTs","372020072002","{񒚖","34.280448","133.795409","1","3"
"37","쌧","37202","ۋTs","372020072003","{O","34.282856","133.794193","1","3"
"37","쌧","37202","ۋTs","372020072004","{l","34.285427","133.791288","1","3"
"37","쌧","37202","ۋTs","372020072005","{ܒ","34.286929","133.792795","1","3"
"37","쌧","37202","ۋTs","372020073001","Vl꒚","34.291866","133.787523","1","3"
"37","쌧","37202","ۋTs","372020073002","Vl񒚖","34.292092","133.783813","1","3"
"37","쌧","37202","ۋTs","372020074001","O꒚","34.287049","133.784717","1","3"
"37","쌧","37202","ۋTs","372020074002","O񒚖","34.285691","133.781592","1","3"
"37","쌧","37202","ۋTs","372020075001","꒚","34.290456","133.785345","1","3"
"37","쌧","37202","ۋTs","372020075002","񒚖","34.288669","133.783107","1","3"
"37","쌧","37202","ۋTs","372020075003","O","34.286604","133.779029","1","3"
"37","쌧","37202","ۋTs","372020075004","l","34.288614","133.779509","1","3"
"37","쌧","37202","ۋTs","372020075005","ܒ","34.290231","133.780794","1","3"
"37","쌧","37202","ۋTs","372020076001","V꒚","34.283281","133.778802","1","3"
"37","쌧","37202","ۋTs","372020076002","V񒚖","34.284811","133.778905","1","3"
"37","쌧","37202","ۋTs","372020077001","蒬꒚","34.289796","133.800646","1","3"
"37","쌧","37202","ۋTs","372020077002","蒬񒚖","34.289104","133.798709","1","3"
"37","쌧","37202","ۋTs","372020077003","蒬O","34.287706","133.796057","1","3"
"37","쌧","37202","ۋTs","372020078001","y풬꒚","34.277537","133.818950","1","3"
"37","쌧","37202","ۋTs","372020078002","y풬񒚖","34.275339","133.812412","1","3"
"37","쌧","37202","ۋTs","372020078003","y풬O","34.279368","133.810027","1","3"
"37","쌧","37202","ۋTs","372020078004","y풬l","34.280008","133.813462","1","3"
"37","쌧","37202","ۋTs","372020078005","y풬ܒ","34.284097","133.812328","1","3"
"37","쌧","37202","ۋTs","372020078006","y풬Z","34.284536","133.809934","1","3"
"37","쌧","37202","ۋTs","372020078007","y풬","34.284200","133.807834","1","3"
"37","쌧","37202","ۋTs","372020078008","y풬","34.282129","133.806296","1","3"
"37","쌧","37202","ۋTs","372020079001","y풬꒚","34.287982","133.818540","1","3"
"37","쌧","37202","ۋTs","372020079002","y풬񒚖","34.285933","133.816559","1","3"
"37","쌧","37202","ۋTs","372020079003","y풬O","34.290526","133.813856","1","3"
"37","쌧","37202","ۋTs","372020079004","y풬l","34.292963","133.817497","1","3"
"37","쌧","37202","ۋTs","372020079005","y풬ܒ","34.299129","133.816119","1","3"
"37","쌧","37202","ۋTs","372020079006","y풬Z","34.300300","133.813320","1","3"
"37","쌧","37202","ۋTs","372020079007","y풬","34.294346","133.809089","1","3"
"37","쌧","37202","ۋTs","372020079008","y풬","34.298199","133.806617","1","3"
"37","쌧","37202","ۋTs","372020079009","y풬㒚","34.300901","133.807927","1","3"
"37","쌧","37202","ۋTs","372020080001","y풬k꒚","34.305641","133.804673","1","3"
"37","쌧","37202","ۋTs","372020080002","y풬k񒚖","34.305116","133.802184","1","3"
"37","쌧","37202","ۋTs","372020081000","̒c","34.220754","133.856085","1","1"
"37","쌧","37202","ۋTs","372020082000","̒c","34.223492","133.860790","1","1"
"37","쌧","37202","ۋTs","372020083000","̒c","34.225027","133.840036","1","1"
"37","쌧","37202","ۋTs","372020084000","̒c","34.230545","133.861669","1","1"
"37","쌧","37202","ۋTs","372020085000","̒IF","34.232354","133.877727","1","1"
"37","쌧","37202","ۋTs","372020086000","̒IF","34.235529","133.885450","1","1"
"37","쌧","37202","ۋTs","372020087000","̒xF","34.255044","133.885493","1","1"
"37","쌧","37202","ۋTs","372020088000","юR@R","34.244310","133.859472","1","1"
"37","쌧","37202","ۋTs","372020089000","юR@R","34.255893","133.856072","1","1"
"37","쌧","37202","ۋTs","372020090000","юR","34.247208","133.842891","1","1"
"37","쌧","37202","ۋTs","372020091000","юR⌳","34.261025","133.837225","1","1"
"37","쌧","37202","ۋTs","372020092000","юR^","34.259765","133.847262","1","1"
"37","쌧","37202","ۋTs","372020093000","юR쌴","34.264555","133.860633","1","1"
"37","쌧","37202","ۋTs","372020094000","юR⌳","34.272822","133.874718","1","1"
"37","쌧","37202","ۋTs","372020063004","xml","34.304238","133.795394","1","3"
"37","쌧","37203","os","372030001000","C","34.423331","133.806895","1","1"
"37","쌧","37203","os","372030002000","⍕","34.407333","133.809672","1","1"
"37","쌧","37203","os","372030003000","^","34.387078","133.822606","1","1"
"37","쌧","37203","os","372030004000","t","34.307127","133.852320","1","1"
"37","쌧","37203","os","372030005001","꒚","34.314359","133.864673","1","3"
"37","쌧","37203","os","372030005002","񒚖","34.316109","133.865308","1","3"
"37","쌧","37203","os","372030005003","O","34.317628","133.864708","1","3"
"37","쌧","37203","os","372030006000","r","34.302765","133.853361","1","1"
"37","쌧","37203","os","372030007001","D꒚","34.323791","133.853561","1","3"
"37","쌧","37203","os","372030007002","D񒚖","34.324724","133.857226","1","3"
"37","쌧","37203","os","372030008000","]K","34.320517","133.871269","1","1"
"37","쌧","37203","os","372030009000","r","34.298219","133.856100","1","1"
"37","쌧","37203","os","372030010000","̕l","34.325449","133.840051","1","1"
"37","쌧","37203","os","372030011000","}w","34.307695","133.857927","1","1"
"37","쌧","37203","os","372030012000","蒬","34.335285","133.832449","1","1"
"37","쌧","37203","os","372030013001","꒚","34.314462","133.857979","1","3"
"37","쌧","37203","os","372030013002","񒚖","34.315874","133.859420","1","3"
"37","쌧","37203","os","372030013003","O","34.317334","133.856985","1","3"
"37","쌧","37203","os","372030014001","vĒ꒚","34.319965","133.858543","1","3"
"37","쌧","37203","os","372030014002","vĒ񒚖","34.320502","133.865079","1","3"
"37","쌧","37203","os","372030015001","꒚","34.313754","133.849498","1","3"
"37","쌧","37203","os","372030015002","񒚖","34.315623","133.849499","1","3"
"37","쌧","37203","os","372030015003","O","34.316790","133.849664","1","3"
"37","쌧","37203","os","372030016001","䋟꒚","34.317979","133.841556","1","3"
"37","쌧","37203","os","372030016002","䋟񒚖","34.319518","133.837956","1","3"
"37","쌧","37203","os","372030016003","䋟O","34.322739","133.836023","1","3"
"37","쌧","37203","os","372030017001","~꒚","34.311559","133.856680","1","3"
"37","쌧","37203","os","372030017002","~񒚖","34.309710","133.856048","1","3"
"37","쌧","37203","os","372030018000","R","34.297284","133.853185","1","1"
"37","쌧","37203","os","372030019000","o","34.321507","133.832596","1","1"
"37","쌧","37203","os","372030020000","퓇","34.350805","133.821472","1","1"
"37","쌧","37203","os","372030021001","a꒚","34.322353","133.867532","1","3"
"37","쌧","37203","os","372030021002","a񒚖","34.327963","133.861092","1","3"
"37","쌧","37203","os","372030022001","꒚","34.313507","133.846769","1","3"
"37","쌧","37203","os","372030022002","񒚖","34.315024","133.846306","1","3"
"37","쌧","37203","os","372030022003","O","34.316595","133.846289","1","3"
"37","쌧","37203","os","372030023000","Vl","34.310736","133.846366","1","1"
"37","쌧","37203","os","372030024000","","34.352997","133.850173","1","1"
"37","쌧","37203","os","372030025001","J꒚","34.311551","133.860813","1","3"
"37","쌧","37203","os","372030025002","J񒚖","34.311399","133.866632","1","3"
"37","쌧","37203","os","372030025003","JO","34.309521","133.867352","1","3"
"37","쌧","37203","os","372030026001","z`꒚","34.323299","133.849542","1","3"
"37","쌧","37203","os","372030026002","z`񒚖","34.327057","133.847034","1","3"
"37","쌧","37203","os","372030027000","","34.319916","133.849692","1","1"
"37","쌧","37203","os","372030028001","Ւ꒚","34.316606","133.841453","1","3"
"37","쌧","37203","os","372030028002","Ւ񒚖","34.318852","133.835144","1","3"
"37","쌧","37203","os","372030029001","lk꒚","34.323839","133.846706","1","3"
"37","쌧","37203","os","372030029002","lk񒚖","34.323173","133.844542","1","3"
"37","쌧","37203","os","372030029003","lkO","34.322356","133.842399","1","3"
"37","쌧","37203","os","372030029004","lkl","34.322175","133.838947","1","3"
"37","쌧","37203","os","372030030001","l꒚","34.319857","133.846878","1","3"
"37","쌧","37203","os","372030030002","l񒚖","34.318954","133.844534","1","3"
"37","쌧","37203","os","372030030003","lO","34.319928","133.840113","1","3"
"37","쌧","37203","os","372030031000","","34.313203","133.891272","1","1"
"37","쌧","37203","os","372030032001","꒚","34.313602","133.844560","1","3"
"37","쌧","37203","os","372030032002","񒚖","34.312998","133.841541","1","3"
"37","쌧","37203","os","372030032003","O","34.314927","133.840774","1","3"
"37","쌧","37203","os","372030032004","l","34.311480","133.840447","1","3"
"37","쌧","37203","os","372030033000","Ԓ","34.302678","133.850670","1","1"
"37","쌧","37203","os","372030034000","Ԃ̏B","34.324365","133.833236","1","1"
"37","쌧","37203","os","372030035000","Ԃ̏B","34.347286","133.839130","1","1"
"37","쌧","37203","os","372030036000","Ԃ̏BΒ","34.352895","133.830307","1","1"
"37","쌧","37203","os","372030037001","]꒚","34.305491","133.860323","1","3"
"37","쌧","37203","os","372030037002","]񒚖","34.304510","133.857068","1","3"
"37","쌧","37203","os","372030037003","]O","34.304436","133.861455","1","3"
"37","쌧","37203","os","372030038001","xm꒚","34.311610","133.849464","1","3"
"37","쌧","37203","os","372030038002","xm񒚖","34.306819","133.848335","1","3"
"37","쌧","37203","os","372030039001","꒚","34.311858","133.852431","1","3"
"37","쌧","37203","os","372030039002","񒚖","34.310067","133.851714","1","3"
"37","쌧","37203","os","372030040001","{꒚","34.313572","133.851999","1","3"
"37","쌧","37203","os","372030040002","{񒚖","34.316087","133.852071","1","3"
"37","쌧","37203","os","372030040003","{O","34.317431","133.851281","1","3"
"37","쌧","37203","os","372030041000","{","34.317993","133.845449","1","1"
"37","쌧","37203","os","372030042001","꒚","34.314429","133.861325","1","3"
"37","쌧","37203","os","372030042002","񒚖","34.316660","133.860696","1","3"
"37","쌧","37203","os","372030042003","O","34.317693","133.860730","1","3"
"37","쌧","37203","os","372030043001","꒚","34.313740","133.855499","1","3"
"37","쌧","37203","os","372030043002","񒚖","34.315938","133.853940","1","3"
"37","쌧","37203","os","372030043003","O","34.317693","133.853540","1","3"
"37","쌧","37203","os","372030043004","l","34.315923","133.855634","1","3"
"37","쌧","37203","os","372030044001","Ò꒚","34.314528","133.867839","1","3"
"37","쌧","37203","os","372030044002","Ò񒚖","34.315717","133.867709","1","3"
"37","쌧","37203","os","372030044003","ÒO","34.317418","133.867086","1","3"
"37","쌧","37203","os","372030045000","ѓc","34.328489","133.890392","1","1"
"37","쌧","37203","os","372030046000","Β","34.307720","133.910456","1","1"
"37","쌧","37203","os","372030047000","{","34.287489","133.917091","1","1"
"37","쌧","37203","os","372030048000","Ò","34.287533","133.854821","1","1"
"37","쌧","37203","os","372030049000","C","34.343541","133.921400","1","1"
"37","쌧","37203","os","372030050000","剮y","34.352707","133.898480","1","1"
"37","쌧","37203","os","372030051000","_J","34.325129","133.913416","1","1"
"37","쌧","37203","os","372030052000","","34.338827","133.906948","1","1"
"37","쌧","37203","os","372030053000","zؑ","34.370625","133.923995","1","1"
"37","쌧","37203","os","372030054000","zT","34.371110","133.904451","1","1"
"37","쌧","37204","Pʎs","372040001000","gc","34.244163","133.772758","1","1"
"37","쌧","37204","Pʎs","372040002000","ؒ","34.243320","133.778750","1","1"
"37","쌧","37204","Pʎs","372040003000","gc","34.233961","133.789398","1","1"
"37","쌧","37204","Pʎs","372040004000","쒬","34.223134","133.790522","1","1"
"37","쌧","37204","Pʎs","372040005000","喃","34.208423","133.803031","1","1"
"37","쌧","37204","Pʎs","372040006000","Pʎ","34.217020","133.770393","1","1"
"37","쌧","37204","Pʎs","372040007000","","34.221029","133.802912","1","1"
"37","쌧","37204","Pʎs","372040008000","^k","34.228248","133.802503","1","1"
"37","쌧","37204","Pʎs","372040009000","ؓ","34.242933","133.803083","1","1"
"37","쌧","37204","Pʎs","372040010000","c","34.250670","133.793624","1","1"
"37","쌧","37204","Pʎs","372040011000","","34.248392","133.781794","1","1"
"37","쌧","37204","Pʎs","372040012000","","34.238226","133.769428","1","1"
"37","쌧","37204","Pʎs","372040013000","Oc","34.235077","133.762987","1","1"
"37","쌧","37204","Pʎs","372040014000","g","34.231811","133.745348","1","1"
"37","쌧","37204","Pʎs","372040015000","a","34.227963","133.737163","1","1"
"37","쌧","37204","Pʎs","372040016001","꒚","34.228706","133.788597","1","3"
"37","쌧","37204","Pʎs","372040016002","񒚖","34.227098","133.786384","1","3"
"37","쌧","37204","Pʎs","372040016003","O","34.226526","133.783137","1","3"
"37","쌧","37204","Pʎs","372040016004","l","34.223454","133.779960","1","3"
"37","쌧","37204","Pʎs","372040017001","{꒚","34.226457","133.789160","1","3"
"37","쌧","37204","Pʎs","372040017002","{񒚖","34.224212","133.785415","1","3"
"37","쌧","37204","Pʎs","372040018001","쒬꒚","34.222062","133.780713","1","3"
"37","쌧","37204","Pʎs","372040018002","쒬񒚖","34.221992","133.776536","1","3"
"37","쌧","37204","Pʎs","372040018003","쒬O","34.223527","133.775669","1","3"
"37","쌧","37204","Pʎs","372040019001","V꒚","34.230294","133.773605","1","3"
"37","쌧","37204","Pʎs","372040019002","V񒚖","34.229485","133.768856","1","3"
"37","쌧","37204","Pʎs","372040020001","꒚","34.231469","133.769834","1","3"
"37","쌧","37204","Pʎs","372040021001","gc꒚","34.230268","133.786922","1","3"
"37","쌧","37204","Pʎs","372040021002","gc񒚖","34.229038","133.784055","1","3"
"37","쌧","37204","Pʎs","372040021003","gcO","34.228145","133.781777","1","3"
"37","쌧","37204","Pʎs","372040021004","gcl","34.229224","133.781010","1","3"
"37","쌧","37204","Pʎs","372040021005","gcܒ","34.230524","133.782702","1","3"
"37","쌧","37204","Pʎs","372040021006","gcZ","34.231718","133.785745","1","3"
"37","쌧","37204","Pʎs","372040021007","gc","34.234377","133.783479","1","3"
"37","쌧","37204","Pʎs","372040021008","gc","34.232085","133.779518","1","3"
"37","쌧","37204","Pʎs","372040022001","Pʎ꒚","34.227114","133.779191","1","3"
"37","쌧","37204","Pʎs","372040022002","Pʎ񒚖","34.226187","133.778025","1","3"
"37","쌧","37204","Pʎs","372040022003","PʎO","34.226149","133.774452","1","3"
"37","쌧","37204","Pʎs","372040022004","Pʎl","34.227055","133.772623","1","3"
"37","쌧","37204","Pʎs","372040022005","Pʎܒ","34.227742","133.774497","1","3"
"37","쌧","37204","Pʎs","372040022006","PʎZ","34.228598","133.776583","1","3"
"37","쌧","37204","Pʎs","372040022007","Pʎ","34.228499","133.778420","1","3"
"37","쌧","37205","ωs","372050001001","쒬꒚","34.123490","133.645832","1","3"
"37","쌧","37205","ωs","372050001002","쒬񒚖","34.121340","133.649375","1","3"
"37","쌧","37205","ωs","372050001003","쒬O","34.119246","133.649096","1","3"
"37","쌧","37205","ωs","372050001004","쒬l","34.121103","133.646884","1","3"
"37","쌧","37205","ωs","372050001005","쒬ܒ","34.122500","133.647610","1","3"
"37","쌧","37205","ωs","372050002001","h꒚","34.123718","133.653108","1","3"
"37","쌧","37205","ωs","372050002002","h񒚖","34.124002","133.651947","1","3"
"37","쌧","37205","ωs","372050002003","hO","34.124498","133.653134","1","3"
"37","쌧","37205","ωs","372050003000","ؔV","34.104808","133.682816","1","1"
"37","쌧","37205","ωs","372050004000","","34.111474","133.707619","1","1"
"37","쌧","37205","ωs","372050005000","Vc","34.109687","133.702454","1","1"
"37","쌧","37205","ωs","372050006000","䒬","34.073994","133.721237","1","1"
"37","쌧","37205","ωs","372050007000","ɐ","34.127304","133.534539","1","1"
"37","쌧","37205","ωs","372050008000","쌴CV","34.032100","133.691361","1","1"
"37","쌧","37205","ωs","372050009000","쌴L","34.030486","133.703735","1","1"
"37","쌧","37205","ωs","372050010000","쌴cX","34.039629","133.655688","1","1"
"37","쌧","37205","ωs","372050011000","쌴X","34.057778","133.701742","1","1"
"37","쌧","37205","ωs","372050012000","쌴","34.059553","133.687936","1","1"
"37","쌧","37205","ωs","372050013000","쌴","34.072554","133.683905","1","1"
"37","쌧","37205","ωs","372050014000","쌴P","34.091718","133.677948","1","1"
"37","쌧","37205","ωs","372050015000","쌴c","34.080160","133.690419","1","1"
"37","쌧","37205","ωs","372050016000","쌴ۈ","34.072633","133.702052","1","1"
"37","쌧","37205","ωs","372050017000","쌴","34.098325","133.676176","1","1"
"37","쌧","37205","ωs","372050018000","LlY","34.047290","133.618651","1","1"
"37","쌧","37205","ωs","372050019000","ω","34.126925","133.650360","1","1"
"37","쌧","37205","ωs","372050020001","꒚","34.133507","133.649716","1","3"
"37","쌧","37205","ωs","372050020002","񒚖","34.136573","133.647914","1","3"
"37","쌧","37205","ωs","372050020003","O","34.135366","133.653731","1","3"
"37","쌧","37205","ωs","372050021000","L","34.130403","133.641443","1","1"
"37","쌧","37205","ωs","372050022001","O{꒚","34.123821","133.644292","1","3"
"37","쌧","37205","ωs","372050022002","O{񒚖","34.121925","133.644432","1","3"
"37","쌧","37205","ωs","372050022003","O{O","34.116173","133.642976","1","3"
"37","쌧","37205","ωs","372050022004","O{l","34.119333","133.641043","1","3"
"37","쌧","37205","ωs","372050023001","՘Q꒚","34.124273","133.639831","1","3"
"37","쌧","37205","ωs","372050023002","՘Q񒚖","34.121960","133.640260","1","3"
"37","쌧","37205","ωs","372050024001","˒꒚","34.121669","133.637546","1","3"
"37","쌧","37205","ωs","372050024002","˒񒚖","34.120953","133.634013","1","3"
"37","쌧","37205","ωs","372050024003","˒O","34.117939","133.639705","1","3"
"37","쌧","37205","ωs","372050024004","˒l","34.115043","133.634332","1","3"
"37","쌧","37205","ωs","372050025001","a꒚","34.122886","133.654456","1","3"
"37","쌧","37205","ωs","372050025002","a񒚖","34.121852","133.657896","1","3"
"37","쌧","37205","ωs","372050025003","aO","34.121308","133.652410","1","3"
"37","쌧","37205","ωs","372050026001","{꒚","34.127886","133.661971","1","3"
"37","쌧","37205","ωs","372050026002","{񒚖","34.128039","133.664453","1","3"
"37","쌧","37205","ωs","372050026003","{O","34.126578","133.665697","1","3"
"37","쌧","37205","ωs","372050026004","{l","34.125372","133.665617","1","3"
"37","쌧","37205","ωs","372050026005","{ܒ","34.123256","133.662056","1","3"
"37","쌧","37205","ωs","372050026006","{Z","34.124886","133.661525","1","3"
"37","쌧","37205","ωs","372050026007","{","34.127381","133.658783","1","3"
"37","쌧","37205","ωs","372050027001","V_꒚","34.128945","133.660324","1","3"
"37","쌧","37205","ωs","372050027002","V_񒚖","34.129236","133.657536","1","3"
"37","쌧","37205","ωs","372050027003","V_O","34.130252","133.656223","1","3"
"37","쌧","37205","ωs","372050028001","Ζؒ꒚","34.130580","133.666624","1","3"
"37","쌧","37205","ωs","372050028002","Ζؒ񒚖","34.130403","133.664238","1","3"
"37","쌧","37205","ωs","372050028003","ΖؒO","34.131471","133.661560","1","3"
"37","쌧","37205","ωs","372050028004","Ζؒl","34.132164","133.658675","1","3"
"37","쌧","37205","ωs","372050028005","Ζؒܒ","34.134080","133.661399","1","3"
"37","쌧","37205","ωs","372050029000","","34.146615","133.655362","1","1"
"37","쌧","37205","ωs","372050030000","{","34.150328","133.647875","1","1"
"37","쌧","37205","ωs","372050031000","","34.135418","133.675533","1","1"
"37","쌧","37205","ωs","372050032000","","34.130736","133.672880","1","1"
"37","쌧","37205","ωs","372050033000","Ac","34.126644","133.671691","1","1"
"37","쌧","37205","ωs","372050034000","o쒬","34.116826","133.673274","1","1"
"37","쌧","37205","ωs","372050035000","oc","34.109672","133.660239","1","1"
"37","쌧","37205","ωs","372050036000","rVK","34.115860","133.691311","1","1"
"37","쌧","37205","ωs","372050037000","c䒬","34.122094","133.707515","1","1"
"37","쌧","37205","ωs","372050038000","{咬","34.131994","133.700295","1","1"
"37","쌧","37205","ωs","372050039000","Ð쒬","34.129460","133.697814","1","1"
"37","쌧","37205","ωs","372050040000","g","34.132623","133.689813","1","1"
"37","쌧","37205","ωs","372050041000","쌴쌴","34.085091","133.659449","1","1"
"37","쌧","37205","ωs","372050042000","쌴Ԉ","34.094117","133.642617","1","1"
"37","쌧","37205","ωs","372050043000","Llacl","34.071632","133.664220","1","1"
"37","쌧","37205","ωs","372050044000","LlPl","34.082720","133.641575","1","1"
"37","쌧","37205","ωs","372050045000","Llac","34.062269","133.639464","1","1"
"37","쌧","37205","ωs","372050046001","ΐ꒚","34.131112","133.656818","0","3"
"37","쌧","37205","ωs","372050046002","ΐ񒚖","34.133448","133.655844","0","3"
"37","쌧","37205","ωs","372050047000","K","34.131576","133.655201","0","1"
"37","쌧","37206","ʂs","372060001000","c","34.334418","134.234537","1","1"
"37","쌧","37206","ʂs","372060002000","OR","34.220846","134.175854","1","1"
"37","쌧","37206","ʂs","372060003000","a","34.184833","134.177283","1","1"
"37","쌧","37206","ʂs","372060004000","ÓcÓc","34.288903","134.250406","1","1"
"37","쌧","37206","ʂs","372060005000","Óc߉H","34.281647","134.266797","1","1"
"37","쌧","37206","ʂs","372060006000","쒬","34.255730","134.235158","1","1"
"37","쌧","37206","ʂs","372060007000","쒬xc","34.263623","134.236232","1","1"
"37","쌧","37206","ʂs","372060008000","쒬xc","34.267270","134.222732","1","1"
"37","쌧","37206","ʂs","372060009000","쒬xc","34.267388","134.257375","1","1"
"37","쌧","37206","ʂs","372060010000","쒬c","34.255916","134.249358","1","1"
"37","쌧","37206","ʂs","372060011000","ux","34.323541","134.170966","1","1"
"37","쌧","37206","ʂs","372060012000","","34.303809","134.192234","1","1"
"37","쌧","37206","ʂs","372060013000","","34.327401","134.208175","1","1"
"37","쌧","37206","ʂs","372060014000","","34.311427","134.215830","1","1"
"37","쌧","37206","ʂs","372060015000","쒬Γc","34.267478","134.203941","1","1"
"37","쌧","37206","ʂs","372060016000","쒬Γc","34.264417","134.197090","1","1"
"37","쌧","37206","ʂs","372060017000","쒬_O","34.284071","134.209026","1","1"
"37","쌧","37206","ʂs","372060018000","a","34.265255","134.165975","1","1"
"37","쌧","37206","ʂs","372060019000","c{","34.286303","134.173384","1","1"
"37","쌧","37206","ʂs","372060020000","cO","34.283160","134.182525","1","1"
"37","쌧","37206","ʂs","372060021000","cԓc","34.276521","134.188673","1","1"
"37","쌧","37206","ʂs","372060022000","c","34.286421","134.194505","1","1"
"37","쌧","37206","ʂs","372060023000","","34.266638","134.171045","1","1"
"37","쌧","37206","ʂs","372060024000","","34.263550","134.180001","1","1"
"37","쌧","37206","ʂs","372060025000","","34.255051","134.179080","1","1"
"37","쌧","37207","s","372070001000","H","34.208341","134.413860","1","1"
"37","쌧","37207","s","372070002000","","34.191350","134.402476","1","1"
"37","쌧","37207","s","372070003000","R","34.207784","134.344346","1","1"
"37","쌧","37207","s","372070004000","R","34.209486","134.332171","1","1"
"37","쌧","37207","s","372070005000","^cR","34.204818","134.319782","1","1"
"37","쌧","37207","s","372070006000","R","34.203585","134.304108","1","1"
"37","쌧","37207","s","372070007000","ܖ","34.193028","134.248099","1","1"
"37","쌧","37207","s","372070008000","n","34.267050","134.290890","1","1"
"37","쌧","37207","s","372070009000","","34.259364","134.294155","1","1"
"37","쌧","37207","s","372070010000","R","34.254463","134.289436","1","1"
"37","쌧","37207","s","372070011000","Oa","34.248052","134.291457","1","1"
"37","쌧","37207","s","372070012000","⌳","34.207387","134.431332","1","1"
"37","쌧","37207","s","372070013000","nh","34.217797","134.416542","1","1"
"37","쌧","37207","s","372070014000","","34.211317","134.420422","1","1"
"37","쌧","37207","s","372070015000","gc","34.214195","134.401880","1","1"
"37","쌧","37207","s","372070016000","c","34.224994","134.404184","1","1"
"37","쌧","37207","s","372070017000","C","34.219110","134.381132","1","1"
"37","쌧","37207","s","372070018000","","34.251699","134.375011","1","1"
"37","쌧","37207","s","372070019000","ɍ","34.234006","134.381329","1","1"
"37","쌧","37207","s","372070020000","A","34.238646","134.362991","1","1"
"37","쌧","37207","s","372070021000","","34.239523","134.345739","1","1"
"37","쌧","37207","s","372070022000","","34.244723","134.358948","1","1"
"37","쌧","37207","s","372070023000","O{","34.251800","134.332682","1","1"
"37","쌧","37207","s","372070024000","","34.235028","134.312830","1","1"
"37","쌧","37207","s","372070025000","","34.242814","134.322887","1","1"
"37","쌧","37207","s","372070026000","쓌","34.244846","134.330228","1","1"
"37","쌧","37207","s","372070027000","","34.256029","134.328901","1","1"
"37","쌧","37207","s","372070028000","","34.249780","134.321962","1","1"
"37","쌧","37207","s","372070029000","y","34.254382","134.300624","1","1"
"37","쌧","37207","s","372070030000","c","34.252190","134.298240","1","1"
"37","쌧","37207","s","372070031000","","34.248546","134.307127","1","1"
"37","쌧","37207","s","372070032000","","34.252070","134.312210","1","1"
"37","쌧","37207","s","372070033000","J","34.255626","134.307080","1","1"
"37","쌧","37207","s","372070034000","","34.263169","134.315369","1","1"
"37","쌧","37207","s","372070035000","","34.245922","134.311373","1","1"
"37","쌧","37208","OLs","372080001000","cc","34.119336","133.779516","1","1"
"37","쌧","37208","OLs","372080002000","cc","34.107418","133.761499","1","1"
"37","쌧","37208","OLs","372080003000","㖃","34.175112","133.770405","1","1"
"37","쌧","37208","OLs","372080004000","㏟","34.182527","133.750135","1","1"
"37","쌧","37208","OLs","372080005000","㍂","34.190927","133.726404","1","1"
"37","쌧","37208","OLs","372080006000","","34.159764","133.741379","1","1"
"37","쌧","37208","OLs","372080007000","","34.189750","133.769009","1","1"
"37","쌧","37208","OLs","372080008000","V","34.185597","133.715153","1","1"
"37","쌧","37208","OLs","372080009000","n","34.180698","133.700716","1","1"
"37","쌧","37208","OLs","372080010000","lԒ","34.270809","133.630855","1","1"
"37","쌧","37208","OLs","372080011000","lԒuX","34.271149","133.680629","1","1"
"37","쌧","37208","OLs","372080012000","lԒ","34.248416","133.606644","1","1"
"37","쌧","37208","OLs","372080013000","lԒ","34.253907","133.578265","1","1"
"37","쌧","37208","OLs","372080014000","lԒ","34.255249","133.587187","1","1"
"37","쌧","37208","OLs","372080015000","O쒬","34.202805","133.706349","1","1"
"37","쌧","37208","OLs","372080016000","O쒬g","34.200708","133.689439","1","1"
"37","쌧","37208","OLs","372080017000","R{_c","34.140561","133.772965","1","1"
"37","쌧","37208","OLs","372080018000","R{͓","34.101868","133.737461","1","1"
"37","쌧","37208","OLs","372080019000","R{c","34.117142","133.737086","1","1"
"37","쌧","37208","OLs","372080020000","R{","34.117121","133.723855","1","1"
"37","쌧","37208","OLs","372080021000","","34.179158","133.720694","1","1"
"37","쌧","37208","OLs","372080022000","H","34.142861","133.732324","1","1"
"37","쌧","37208","OLs","372080023000","n","34.181148","133.685883","1","1"
"37","쌧","37208","OLs","372080024000","lԒl","34.234272","133.609074","1","1"
"37","쌧","37208","OLs","372080025000","lԒc","34.235442","133.634939","1","1"
"37","쌧","37208","OLs","372080026000","lԒl","34.228910","133.664362","1","1"
"37","쌧","37208","OLs","372080027000","lԒ","34.220791","133.691092","1","1"
"37","쌧","37208","OLs","372080028000","L{","34.144732","133.683200","1","1"
"37","쌧","37208","OLs","372080029000","L}c}","34.162452","133.707155","1","1"
"37","쌧","37208","OLs","372080030000","L}c|c","34.152628","133.698129","1","1"
"37","쌧","37208","OLs","372080031000","L㍂","34.143953","133.706908","1","1"
"37","쌧","37208","OLs","372080032000","L","34.158263","133.683803","1","1"
"37","쌧","37208","OLs","372080033000","Ln","34.167681","133.688800","1","1"
"37","쌧","37208","OLs","372080034000","L{R","34.133122","133.708227","1","1"
"37","쌧","37208","OLs","372080035000","L{Rb","34.147007","133.696155","1","1"
"37","쌧","37208","OLs","372080036000","mƂ̉Y","34.215841","133.626125","1","1"
"37","쌧","37208","OLs","372080038000","O쒬匩","34.218556","133.716058","1","1"
"37","쌧","37208","OLs","372080039000","R{","34.123551","133.727191","1","1"
"37","쌧","37208","OLs","372080037000","mm","34.196754","133.650659","1","1"
"37","쌧","37322","Sy","373220001000","yR","34.506905","134.226243","1","1"
"37","쌧","37322","Sy","373220002000","nz","34.505788","134.212075","1","1"
"37","쌧","37322","Sy","373220003000","nz","34.520451","134.210060","1","1"
"37","쌧","37322","Sy","373220004000","`","34.526872","134.221754","1","1"
"37","쌧","37322","Sy","373220005000","","34.526030","134.228134","1","1"
"37","쌧","37322","Sy","373220006000","C","34.532658","134.244314","1","1"
"37","쌧","37322","Sy","373220007000","Ɋ얖","34.512190","134.170716","1","1"
"37","쌧","37322","Sy","373220008000","]","34.519018","134.167663","1","1"
"37","쌧","37322","Sy","373220009000","l","34.515073","134.178339","1","1"
"37","쌧","37322","Sy","373220010000","{","34.506928","134.198221","1","1"
"37","쌧","37322","Sy","373220011000","LƉY","34.484595","134.061671","1","1"
"37","쌧","37322","Sy","373220012000","LC","34.485604","134.087377","1","1"
"37","쌧","37322","Sy","373220013000","Lb","34.469018","134.072681","1","1"
"37","쌧","37322","Sy","373220014000","啔","34.545512","134.281772","1","1"
"37","쌧","37322","Sy","373220015000","","34.547159","134.305495","1","1"
"37","쌧","37322","Sy","373220016000","","34.490457","134.184283","1","1"
"37","쌧","37322","Sy","373220017000","㏯","34.495063","134.205496","1","1"
"37","쌧","37322","Sy","373220018000","","34.503760","134.217299","1","1"
"37","쌧","37322","Sy","373220019000","}","34.505144","134.206908","1","1"
"37","쌧","37322","Sy","373220020000","Ɋ얖L","34.477120","134.117962","0","0"
"37","쌧","37324","S","373240001000","k","34.489776","134.342208","1","1"
"37","쌧","37324","S","373240002000","J","34.503543","134.347217","1","1"
"37","쌧","37324","S","373240003000","l","34.522945","134.352886","1","1"
"37","쌧","37324","S","373240004000","xz","34.457582","134.300658","1","1"
"37","쌧","37324","S","373240005000","cY","34.452458","134.286413","1","1"
"37","쌧","37324","S","373240006000","c","34.541069","134.342856","1","1"
"37","쌧","37324","S","373240007000","gc","34.556741","134.341312","1","1"
"37","쌧","37324","S","373240008000","rc","34.482957","134.233999","1","1"
"37","쌧","37324","S","373240009000","","34.483934","134.211617","1","1"
"37","쌧","37324","S","373240010000","R","34.503122","134.243551","1","1"
"37","쌧","37324","S","373240011000","g","34.450865","134.241276","1","1"
"37","쌧","37324","S","373240012000","","34.443067","134.250899","1","1"
"37","쌧","37324","S","373240013000","_Y","34.430573","134.238665","1","1"
"37","쌧","37324","S","373240014000","","34.473258","134.283299","1","1"
"37","쌧","37324","S","373240015000","_","34.487153","134.301830","1","1"
"37","쌧","37324","S","373240016000","ǖ{","34.481526","134.300886","1","1"
"37","쌧","37324","S","373240017000","Џ","34.480599","134.310248","1","1"
"37","쌧","37324","S","373240018000","c","34.480829","134.313970","1","1"
"37","쌧","37324","S","373240019000","؏","34.484623","134.313958","1","1"
"37","쌧","37324","S","373240020000","n","34.476714","134.319885","1","1"
"37","쌧","37324","S","373240021000","cH","34.467102","134.320244","1","1"
"37","쌧","37324","S","373240022000","Í]","34.459222","134.316424","1","1"
"37","쌧","37324","S","373240023000","","34.457301","134.322486","1","1"
"37","쌧","37324","S","373240024000","","34.467665","134.239618","1","1"
"37","쌧","37324","S","373240025000","","34.461479","134.246189","1","1"
"37","쌧","37341","ؓcSOؒ","373410001000","R","34.190228","134.140202","1","1"
"37","쌧","37341","ؓcSOؒ","373410002000","","34.186416","134.117956","1","1"
"37","쌧","37341","ؓcSOؒ","373410003000","","34.270229","134.138943","1","1"
"37","쌧","37341","ؓcSOؒ","373410004000","","34.272436","134.132123","1","1"
"37","쌧","37341","ؓcSOؒ","373410005000","","34.297506","134.146222","1","1"
"37","쌧","37341","ؓcSOؒ","373410006000","r","34.278548","134.121085","1","1"
"37","쌧","37341","ؓcSOؒ","373410007000","","34.226563","134.156414","1","1"
"37","쌧","37341","ؓcSOؒ","373410008000","c","34.257214","134.121089","1","1"
"37","쌧","37341","ؓcSOؒ","373410009000","q","34.230882","134.122722","1","1"
"37","쌧","37341","ؓcSOؒ","373410010000","X","34.258188","134.133483","1","1"
"37","쌧","37341","ؓcSOؒ","373410011000","㍂","34.250384","134.147605","1","1"
"37","쌧","37341","ؓcSOؒ","373410012000","","34.266104","134.148645","1","1"
"37","쌧","37341","ؓcSOؒ","373410013000","","34.261886","134.160299","1","1"
"37","쌧","37364","S","373640001000","P","34.451018","134.009266","1","2"
"37","쌧","37364","S","373640002000","ωY","34.451641","134.000883","1","2"
"37","쌧","37364","S","373640003000","Քn","34.445909","133.998463","1","2"
"37","쌧","37364","S","373640004000","؃m","34.450179","133.998423","1","2"
"37","쌧","37364","S","373640005000","P{","34.453894","133.999275","1","2"
"37","쌧","37364","S","373640006000","","34.457371","133.996219","1","2"
"37","쌧","37364","S","373640007000","cY","34.460017","133.996553","1","2"
"37","쌧","37364","S","373640008000","R","34.462958","133.994069","1","2"
"37","쌧","37364","S","373640009000","OVc","34.460804","133.991012","1","2"
"37","쌧","37364","S","373640010000","ZR","34.458625","133.993298","1","2"
"37","쌧","37364","S","373640011000","ȑ","34.455445","133.991637","1","2"
"37","쌧","37364","S","373640012000","R","34.454087","133.991806","1","2"
"37","쌧","37364","S","373640013000","L","34.451037","133.988113","1","2"
"37","쌧","37364","S","373640014000","qY","34.446916","133.988138","1","2"
"37","쌧","37364","S","373640015000","g","34.445498","133.981792","1","2"
"37","쌧","37364","S","373640016000","J","34.453083","133.987229","1","2"
"37","쌧","37364","S","373640017000","b","34.456242","133.987621","1","2"
"37","쌧","37364","S","373640018000","Vc","34.459448","133.991448","1","2"
"37","쌧","37364","S","373640019000","","34.460312","133.988178","1","2"
"37","쌧","37364","S","373640020000","}","34.459073","133.983274","1","2"
"37","쌧","37364","S","373640021000","˃m_","34.462706","133.980816","1","2"
"37","쌧","37364","S","373640022000","ƃm","34.459093","133.978682","1","2"
"37","쌧","37364","S","373640023000","Ǐo","34.456715","133.976753","1","2"
"37","쌧","37364","S","373640024000","h","34.451030","133.976471","1","2"
"37","쌧","37364","S","373640025000","{mY","34.458968","133.974364","1","2"
"37","쌧","37364","S","373640026000","\","34.460447","133.972189","1","2"
"37","쌧","37364","S","373640027000","hm","34.462905","133.974240","1","2"
"37","쌧","37364","S","373640028000","J","34.464261","133.974308","1","2"
"37","쌧","37364","S","373640029000","","34.472402","133.972995","1","2"
"37","쌧","37364","S","373640030000","wL","34.467585","133.983508","1","2"
"37","쌧","37364","S","373640031000","[l","34.465856","133.989573","1","2"
"37","쌧","37364","S","373640032000","","34.466251","134.002625","1","2"
"37","쌧","37364","S","373640033000","","34.466456","133.999658","1","2"
"37","쌧","37364","S","373640034000","啟Y","34.470722","134.002238","1","2"
"37","쌧","37364","S","373640035000","Ɠ","34.474923","133.995174","1","2"
"37","쌧","37364","S","373640036000","","34.505807","133.972851","1","2"
"37","쌧","37364","S","373640037000","","34.498097","133.972648","1","2"
"37","쌧","37364","S","373640038000","","34.472525","133.955044","1","2"
"37","쌧","37364","S","373640039000","r_","34.457538","133.961721","1","2"
"37","쌧","37364","S","373640040000","","34.439740","134.009003","1","2"
"37","쌧","37364","S","373640041000","","34.450282","134.015500","1","2"
"37","쌧","37364","S","373640042000","mR","34.444985","133.990769","1","2"
"37","쌧","37364","S","373640043000","nR","34.453697","133.983703","1","2"
"37","쌧","37364","S","373640044000","ߐ","34.475189","133.969437","1","2"
"37","쌧","37364","S","373640045000","","34.476567","133.974168","1","2"
"37","쌧","37364","S","373640046000","d","34.473999","133.977647","1","2"
"37","쌧","37364","S","373640047000","`LzE","34.464248","133.983681","1","2"
"37","쌧","37364","S","373640048000","Ǔ","34.484163","133.992732","1","2"
"37","쌧","37364","S","373640049000","md","34.490843","133.981515","1","2"
"37","쌧","37364","S","373640050000","Xm","34.493968","133.972930","1","2"
"37","쌧","37364","S","373640051000","앺q","34.500090","133.976384","1","2"
"37","쌧","37364","S","373640052000","G","34.486753","133.964077","1","2"
"37","쌧","37364","S","373640053000","䓇","34.491693","134.016581","1","2"
"37","쌧","37364","S","373640054000","{","34.461131","133.994906","0","0"
"37","쌧","37386","̌SFÒ","373860001000","R","34.319442","133.823619","1","1"
"37","쌧","37386","̌SFÒ","373860002000","VJ","34.312883","133.830370","1","1"
"37","쌧","37386","̌SFÒ","373860003000","≺","34.313397","133.835436","1","1"
"37","쌧","37386","̌SFÒ","373860004000","V","34.309582","133.830083","1","1"
"37","쌧","37386","̌SFÒ","373860005000","≮","34.309132","133.834568","1","1"
"37","쌧","37386","̌SFÒ","373860006000","Ԃ̉Y","34.308777","133.822808","1","1"
"37","쌧","37386","̌SFÒ","373860007000","R","34.306043","133.826376","1","1"
"37","쌧","37386","̌SFÒ","373860008000","","34.305413","133.828615","1","1"
"37","쌧","37386","̌SFÒ","373860009000","","34.302753","133.835573","1","1"
"37","쌧","37386","̌SFÒ","373860010000","\y","34.298824","133.830350","1","1"
"37","쌧","37386","̌SFÒ","373860011000","̒r","34.296629","133.830700","1","1"
"37","쌧","37386","̌SFÒ","373860012000","J","34.294240","133.830223","1","1"
"37","쌧","37386","̌SFÒ","373860013000","ÔV","34.297308","133.837358","1","1"
"37","쌧","37386","̌SFÒ","373860014000","{","34.293490","133.840136","1","1"
"37","쌧","37386","̌SFÒ","373860015000","{","34.294629","133.839088","1","1"
"37","쌧","37386","̌SFÒ","373860016000","{","34.293740","133.837784","1","1"
"37","쌧","37386","̌SFÒ","373860017000","","34.292139","133.837867","1","1"
"37","쌧","37386","̌SFÒ","373860018000","r̓","34.291023","133.835698","1","1"
"37","쌧","37386","̌SFÒ","373860019000","O{","34.289728","133.834550","1","1"
"37","쌧","37386","̌SFÒ","373860020000","","34.290124","133.832269","1","1"
"37","쌧","37386","̌SFÒ","373860022000","","34.287373","133.835328","1","1"
"37","쌧","37386","̌SFÒ","373860023000","","34.293220","133.832189","1","1"
"37","쌧","37386","̌SFÒ","373860024000","","34.291772","133.831542","1","1"
"37","쌧","37386","̌SFÒ","373860025000","Rc","34.293139","133.829923","1","1"
"37","쌧","37386","̌SFÒ","373860026000","gc","34.333141","133.824374","1","1"
"37","쌧","37386","̌SFÒ","373860027000","lԒ","34.312841","133.809296","1","1"
"37","쌧","37386","̌SFÒ","373860028000","lԒ","34.308201","133.810839","1","1"
"37","쌧","37386","̌SFÒ","373860029000","lOԒ","34.314676","133.814701","1","1"
"37","쌧","37386","̌SFÒ","373860030000","llԒ","34.310726","133.815359","1","1"
"37","쌧","37386","̌SFÒ","373860031000","lܔԒ","34.304371","133.811528","1","1"
"37","쌧","37386","̌SFÒ","373860032000","lZԒ","34.304334","133.814139","1","1"
"37","쌧","37386","̌SFÒ","373860034000","lԒ","34.309805","133.819422","1","1"
"37","쌧","37386","̌SFÒ","373860033000","lԒ","34.311309","133.818750","1","1"
"37","쌧","37386","̌SFÒ","373860035000","lԒ","34.312384","133.823272","1","1"
"37","쌧","37386","̌SFÒ","373860036000","̎R","34.303182","133.821237","0","0"
"37","쌧","37386","̌SFÒ","373860037000","PR","34.310268","133.838054","0","0"
"37","쌧","37386","̌SFÒ","373860038000","Â̎R","34.304255","133.839643","0","0"
"37","쌧","37386","̌SFÒ","373860039000","","34.306499","133.832883","0","0"
"37","쌧","37386","̌SFÒ","373860040000","","34.306420","133.821871","0","0"
"37","쌧","37386","̌SFÒ","373860041000","l","34.310258","133.824231","0","0"
"37","쌧","37386","̌SFÒ","373860042000","FvK","34.307118","133.819663","0","0"
"37","쌧","37386","̌SFÒ","373860043000","Â̋","34.295392","133.837735","0","0"
"37","쌧","37387","̌S쒬","373870001000","b","34.200379","133.996325","1","1"
"37","쌧","37387","̌S쒬","373870002000","b","34.196696","133.989339","1","1"
"37","쌧","37387","̌S쒬","373870003000","","34.204904","133.950506","1","1"
"37","쌧","37387","̌S쒬","373870004000","Rc","34.218091","133.969382","1","1"
"37","쌧","37387","̌S쒬","373870005000","","34.208691","133.961999","1","1"
"37","쌧","37387","̌S쒬","373870006000","","34.220762","133.940303","1","1"
"37","쌧","37387","̌S쒬","373870007000","Rc","34.226913","133.949764","1","1"
"37","쌧","37387","̌S쒬","373870008000","H","34.225998","133.928041","1","1"
"37","쌧","37387","̌S쒬","373870009000","c","34.247251","133.979789","1","1"
"37","쌧","37387","̌S쒬","373870010000","D","34.236644","133.983044","1","1"
"37","쌧","37387","̌S쒬","373870011000","","34.254169","133.949328","1","1"
"37","쌧","37387","̌S쒬","373870012000","{","34.249798","133.922819","1","1"
"37","쌧","37387","̌S쒬","373870013000","","34.247283","133.935989","1","1"
"37","쌧","37387","̌S쒬","373870014000","k","34.236940","133.929897","1","1"
"37","쌧","37387","̌S쒬","373870015000","","34.246489","133.903932","1","1"
"37","쌧","37387","̌S쒬","373870016000","H","34.235420","133.905743","1","1"
"37","쌧","37403","xSՕ","374030001000","Օ","34.189931","133.818665","1","1"
"37","쌧","37403","xSՕ","374030002000","|","34.191504","133.824340","1","1"
"37","쌧","37403","xSՕ","374030003000","ܞ","34.186426","133.833449","1","1"
"37","쌧","37403","xSՕ","374030004000","cc","34.201839","133.821722","1","1"
"37","쌧","37403","xSՕ","374030005000","","34.209336","133.814075","1","1"
"37","쌧","37403","xSՕ","374030006000","","34.216618","133.808928","1","1"
"37","쌧","37404","xSxÒ","374040001000","","34.334569","133.627792","3","1"
"37","쌧","37404","xSxÒ","374040002000","","34.309952","133.681393","3","1"
"37","쌧","37404","xSxÒ","374040003000","","34.257919","133.749605","2","1"
"37","쌧","37404","xSxÒ","374040004000","ʂ","34.273612","133.749510","2","1"
"37","쌧","37404","xSxÒ","374040005000","","34.246193","133.729064","2","1"
"37","쌧","37404","xSxÒ","374040006000","","34.256449","133.768796","2","1"
"37","쌧","37404","xSxÒ","374040007000","ƒ","34.275676","133.754434","2","1"
"37","쌧","37404","xSxÒ","374040008001","k꒚","34.275512","133.761978","2","3"
"37","쌧","37404","xSxÒ","374040008002","k񒚖","34.276644","133.768764","2","3"
"37","쌧","37404","xSxÒ","374040008003","kO","34.278651","133.765000","2","3"
"37","쌧","37404","xSxÒ","374040009000","","34.268048","133.753340","2","1"
"37","쌧","37404","xSxÒ","374040010000","","34.268777","133.758666","2","1"
"37","쌧","37404","xSxÒ","374040011000","K","34.274088","133.760902","2","1"
"37","쌧","37404","xSxÒ","374040012001","h꒚","34.272933","133.753785","2","3"
"37","쌧","37404","xSxÒ","374040012002","h񒚖","34.274051","133.757223","2","3"
"37","쌧","37404","xSxÒ","374040012003","hO","34.270691","133.754834","2","3"
"37","쌧","37404","xSxÒ","374040013001","꒚","34.265977","133.755991","2","3"
"37","쌧","37404","xSxÒ","374040013002","񒚖","34.266671","133.758640","2","3"
"37","쌧","37404","xSxÒ","374040014000","","34.259639","133.757187","2","1"
"37","쌧","37404","xSxÒ","374040015000","","34.263589","133.760402","2","1"
"37","쌧","37404","xSxÒ","374040016000","m","34.271767","133.750965","2","1"
"37","쌧","37404","xSxÒ","374040017000","","34.257363","133.730208","2","1"
"37","쌧","37404","xSxÒ","374040018000","l","34.271682","133.745341","2","1"
"37","쌧","37404","xSxÒ","374040019000","`","34.267931","133.738430","2","1"
"37","쌧","37404","xSxÒ","374040020000","","34.265285","133.740805","2","1"
"37","쌧","37404","xSxÒ","374040021000","V","34.277842","133.752879","2","1"
"37","쌧","37404","xSxÒ","374040022000","l","34.273684","133.745345","2","1"
"37","쌧","37404","xSxÒ","374040023000","`","34.278964","133.749359","2","1"
"37","쌧","37404","xSxÒ","374040024000","̏o","34.276434","133.750758","2","1"
"37","쌧","37404","xSxÒ","374040025001","x]꒚","34.276418","133.757749","2","3"
"37","쌧","37404","xSxÒ","374040025002","x]񒚖","34.278149","133.755791","2","3"
"37","쌧","37404","xSxÒ","374040025003","x]O","34.279035","133.758604","2","3"
"37","쌧","37404","xSxÒ","374040025004","x]l","34.281697","133.762560","2","3"
"37","쌧","37404","xSxÒ","374040025005","x]ܒ","34.285561","133.760534","2","3"
"37","쌧","37404","xSxÒ","374040026001","{ʈ꒚","34.270566","133.749465","2","3"
"37","쌧","37404","xSxÒ","374040026002","{ʓ񒚖","34.266432","133.751193","2","3"
"37","쌧","37404","xSxÒ","374040026003","{ʎO","34.265441","133.748415","2","3"
"37","쌧","37404","xSxÒ","374040027000","O","34.251871","133.753728","2","1"
"37","쌧","37404","xSxÒ","374040028000","","34.245681","133.714582","2","1"
"37","쌧","37404","xSxÒ","374040029000","슛","34.268947","133.768455","2","1"
"37","쌧","37404","xSxÒ","374040030000","","34.269987","133.751425","2","1"
"37","쌧","37404","xSxÒ","374040031000","R","34.269526","133.746760","2","1"
"37","쌧","37404","xSxÒ","374040032000","RK","34.247713","133.748512","2","1"
"37","쌧","37404","xSxÒ","374040033000","t","34.272993","133.764727","2","1"
"37","쌧","37406","xS܂̂","374060001000","","34.154254","133.838758","3","1"
"37","쌧","37406","xS܂̂","374060002000","R","34.148756","133.838797","3","1"
"37","쌧","37406","xS܂̂","374060003000","Ǐ","34.148024","133.816787","3","1"
"37","쌧","37406","xS܂̂","374060004000","","34.141083","133.830525","3","1"
"37","쌧","37406","xS܂̂","374060005000","Y","34.100363","133.972685","3","1"
"37","쌧","37406","xS܂̂","374060006000","쓌","34.141245","133.963892","3","1"
"37","쌧","37406","xS܂̂","374060007000","","34.168705","133.808350","3","1"
"37","쌧","37406","xS܂̂","374060008000","","34.124169","133.893721","3","1"
"37","쌧","37406","xS܂̂","374060009000","","34.150181","133.853779","3","1"
"37","쌧","37406","xS܂̂","374060010000","V","34.135320","133.829209","3","1"
"37","쌧","37406","xS܂̂","374060011000","Y","34.186376","133.911015","3","1"
"37","쌧","37406","xS܂̂","374060012000","c","34.164761","133.924316","3","1"
"37","쌧","37406","xS܂̂","374060013000","","34.143601","133.951307","3","1"
"37","쌧","37406","xS܂̂","374060014000","R","34.155419","133.849251","3","1"
"37","쌧","37406","xS܂̂","374060015000","{c","34.165556","133.827276","3","1"
"37","쌧","37406","xS܂̂","374060016000","Re","34.121210","133.818274","3","1"
"37","쌧","37406","xS܂̂","374060017000","_","34.165143","133.861629","2","1"
"37","쌧","37406","xS܂̂","374060018000","ݏ","34.175880","133.842999","2","1"
"37","쌧","37406","xS܂̂","374060019000","","34.218936","133.823665","2","1"
"37","쌧","37406","xS܂̂","374060020000","ܞ","34.183367","133.835977","2","1"
"37","쌧","37406","xS܂̂","374060021000","l","34.197223","133.835893","2","1"
"37","쌧","37406","xS܂̂","374060022000","Y","34.182809","133.882394","2","1"
"37","쌧","37406","xS܂̂","374060023000","","34.197235","133.850023","2","1"
"37","쌧","37406","xS܂̂","374060024000","","34.209363","133.826341","2","1"
"37","쌧","37406","xS܂̂","374060025000","H","34.205205","133.841336","2","1"
"37","쌧","37406","xS܂̂","374060026000","","34.213853","133.830026","2","1"
"37","쌧","37406","xS܂̂","374060027000","^","34.173896","133.856962","2","1"
"37","쌧","37406","xS܂̂","374060028000","g","34.185055","133.861051","2","1"
"37","쌧","37406","xS܂̂","374060029000","g쉺","34.188719","133.846640","2","1"
"37","쌧","37406","xS܂̂","374060030000","c","34.173140","133.826186","2","1"
